rep,method,mspe_base,mspe_perturbed,mspe_ratio
1,CEM.W,9940.211968732016,1049.5474384431977,0.10558602188209465
2,CEM.W,10855.142683092858,1906.6152261428722,0.17564165500214665
3,CEM.W,1.9464401810527576,5975.112028481742,3069.7640167138475
4,CEM.W,55502.02026298258,66246.32452788863,1.1935840211580917
5,CEM.W,21766.06449270467,2500.1374360945424,0.11486400938178389
6,CEM.W,13340.07163194961,854.8483084012267,0.06408123824116928
7,CEM.W,13332.39504074706,143860.24510075717,10.7902777153756
8,CEM.W,6341.785416527613,2504.5623221647306,0.3949301588851426
9,CEM.W,1173.827459228414,3077.7372231912764,2.6219673078821564
10,CEM.W,920.8219326708729,85195.67220395677,92.52133249785227
11,CEM.W,601.2232612832266,12982.299564401597,21.59314251529906
12,CEM.W,15.157070240875617,19966.82655831645,1317.3275732713748
13,CEM.W,7195.213847365149,7067.720704258242,0.9822808403180964
14,CEM.W,31543.52764721247,100585.89924067025,3.188796775225586
15,CEM.W,4653.327088634632,3265.5847371167442,0.7017741660784315
16,CEM.W,15.278804515972174,2031.1144989262364,132.9367423218844
17,CEM.W,60905.84204226073,9896.696681168567,0.16249174708563338
18,CEM.W,8781.076086386023,2889.776191010089,0.3290913508300345
19,CEM.W,5941.1325464411675,117.79316380249472,0.019826718707539135
20,CEM.W,17697.39462692489,62280.93638953241,3.519214986299618
21,CEM.W,21071.057145911356,4962.953636101024,0.23553415482355328
22,CEM.W,948.0682816541519,479.4125651826657,0.5056730348010438
23,CEM.W,42364.98920511118,8904.936011319724,0.21019563980545936
24,CEM.W,45.4435483003641,32976.73046931081,725.6636354922706
25,CEM.W,5615.706775080906,12796.834489845824,2.2787575994228186
26,CEM.W,9000.106682800078,8286.651482296673,0.9207281396045143
27,CEM.W,6211.207826510395,5387.049705448857,0.8673111343104792
28,CEM.W,1245.0590762541156,9170.772460769214,7.365732787845214
29,CEM.W,16604.156725932422,1397.8118002933936,0.08418444991610366
30,CEM.W,3468.069420402116,216.03419412265626,0.06229234998923623
31,CEM.W,19904.322497614998,6108.125169457027,0.3068743068340519
32,CEM.W,5664.222376448062,3287.8822902765532,0.5804649026400563
33,CEM.W,12507.620373850856,8051.713355120452,0.6437446224346418
34,CEM.W,3002.0413723802603,961.756477975935,0.3203674962058824
35,CEM.W,3113.348401576856,4156.440588761951,1.3350386955269085
36,CEM.W,11374.438738216179,6.248253079016666,5.49324078560782e-4
37,CEM.W,477.890072260624,3097.7448756058916,6.482128538373347
38,CEM.W,23679.598509549167,97741.60239848799,4.127671436619678
39,CEM.W,4176.937075763956,258020.53563636573,61.772665222440324
40,CEM.W,13254.05366666467,6047.835329645025,0.45630080288990854
41,CEM.W,20943.276892446283,15854.411184314302,0.7570167393447675
42,CEM.W,17526.517015787853,10478.963867344817,0.5978919746522019
43,CEM.W,35791.92155799383,21252.508689228318,0.5937794833058284
44,CEM.W,41062.506179836535,41406.045039972734,1.0083662419101174
45,CEM.W,16629.603443463708,53445.517812775055,3.2138780695809017
46,CEM.W,1529.453379497721,11113.273064969273,7.266173139987385
47,CEM.W,22924.383218644925,19983.43072658364,0.8717107254746403
48,CEM.W,7920.133613999297,2023.1817920330088,0.2554479369460279
49,CEM.W,407.21385703124866,9912.352385384807,24.341883789637727
50,CEM.W,2787.808601785244,109175.24810583565,39.16167273317204
51,CEM.W,435.62564483018366,62017.40797824096,142.36399696445028
52,CEM.W,4993.0601009534475,5810.637644357634,1.163742780353889
53,CEM.W,6358.404822935492,3365.0136273131016,0.529222929495636
54,CEM.W,182.6878955669296,1467.0328426609485,8.030268442845388
55,CEM.W,23235.54944335267,1340.7239513150691,0.057701409410769476
56,CEM.W,1868.3383513803606,22711.71932740791,12.156106152093972
57,CEM.W,10795.677017901135,2683.1750523897,0.24854161975580807
58,CEM.W,5968.658464900033,33010.42862481088,5.530627831854633
59,CEM.W,1454.1132325149572,91.9917980929794,0.06326316000431084
60,CEM.W,818.4918988006672,177.87930576163956,0.21732567667717345
61,CEM.W,272.71756730483946,11280.769740733032,41.3642943951739
62,CEM.W,0.03349354878825943,3263.666722799477,97441.65192622102
63,CEM.W,63014.59668533206,6004.078146808536,0.09528075180406746
64,CEM.W,7060.582788606219,58934.43402398548,8.346964519570392
65,CEM.W,1927.9011131531954,1263.9499361159928,0.6556093191152986
66,CEM.W,38.136337596171785,300.15718765202877,7.870634847803509
67,CEM.W,57.025797720612026,2332.783007371218,40.90750328123918
68,CEM.W,994.7716739997156,3905.1575334815675,3.9256822802160767
69,CEM.W,5483.458080849661,32545.37359129857,5.935191463386854
70,CEM.W,849.6913873530453,332338.9080772972,391.12895931850954
71,CEM.W,30794.577642470842,99653.45033898299,3.2360713465848714
72,CEM.W,1268.0924148943348,117125.03983481014,92.36317358192677
73,CEM.W,133.3792606370861,4535.462282337461,34.00425418969803
74,CEM.W,21.120809688791535,3858.3120278812075,182.67822515955675
75,CEM.W,47619.27074674281,43615.0496710963,0.9159117514221823
76,CEM.W,8469.865072170644,9049.435301718733,1.0684273273080085
77,CEM.W,2505.0768967544927,48179.64522589392,19.232800912544487
78,CEM.W,3433.1546692918187,113357.75402610654,33.01853978209775
79,CEM.W,49008.79186114159,62841.755903389065,1.282254744851514
80,CEM.W,9263.771419750025,9157.017305364547,0.9884761713617111
81,CEM.W,5210.319005129029,30.073479892309994,0.00577190760540875
82,CEM.W,1142.8375993637687,433.5658463017527,0.37937660306514587
83,CEM.W,354.96175284889756,38474.3373349435,108.39009280901739
84,CEM.W,1059.5768921868212,19847.288098003773,18.73133346372031
85,CEM.W,18023.396896364055,12664.843322751327,0.7026890322382162
86,CEM.W,30618.659797330372,13561.300043161913,0.4429096548616513
87,CEM.W,3626.240575574434,19891.810886759577,5.4855188099616115
88,CEM.W,15496.29697510062,9499.105260205559,0.612991947396767
89,CEM.W,38387.42849179197,2714.2937011474223,0.07070788036056634
90,CEM.W,159.97401187725367,749.2030463838913,4.683279725201532
91,CEM.W,15800.029656880433,57109.81961963968,3.6145387609934065
92,CEM.W,5.761182640008669,8426.182948320476,1462.5786882374896
93,CEM.W,11815.461519709741,6298.2111501088275,0.5330482554238432
94,CEM.W,3159.600981483722,20407.0634666223,6.458747033633125
95,CEM.W,151.34606209207982,2470.481480738568,16.32339452106466
96,CEM.W,2663.312668629055,9.173950216675962,0.0034445637287484794
97,CEM.W,63812.36819818341,58439.30234848351,0.9157989900482512
98,CEM.W,52509.362891983576,11827.91704190444,0.22525348605420173
99,CEM.W,13189.099321620155,47412.97135263972,3.5948604371276724
100,CEM.W,18102.084964241294,1487.6418692679226,0.08218069201457168
101,CEM.W,575.3642731672678,995.5485217640452,1.7302925610652626
102,CEM.W,5970.036736322765,4656.152588419101,0.7799202574567492
103,CEM.W,5571.39424354976,11210.376167278437,2.0121311968287228
104,CEM.W,7602.570464129555,2692.212427108532,0.354118707588562
105,CEM.W,10839.447093813611,4052.6206722514653,0.3738770656083016
106,CEM.W,44307.94396797304,21847.30331294361,0.4930786977778843
107,CEM.W,13187.232703600563,5363.7630227097725,0.40673908948655185
108,CEM.W,17266.034329876118,24807.67882606502,1.436790773845462
109,CEM.W,8350.937976369874,34326.487107981884,4.110494797723728
110,CEM.W,8334.659916000559,47794.83031067417,5.73446676797448
111,CEM.W,35182.988072144,19832.41244238461,0.5636932372462944
112,CEM.W,5219.115612751716,683.6756759287842,0.13099454517895312
113,CEM.W,8683.248936268144,103127.42877954902,11.876594755772459
114,CEM.W,29492.126616833648,29605.543025671082,1.0038456504107336
115,CEM.W,4266.277547129103,8110.630383758655,1.9011023765241253
116,CEM.W,6128.517909670884,2851.29863883732,0.46525092703701365
117,CEM.W,34761.90922534507,25687.485807829395,0.7389549763020647
118,CEM.W,11398.148444435998,97670.88480848997,8.569013229176532
119,CEM.W,12.410147309849183,31694.687398621405,2553.9332134653428
120,CEM.W,580.8473228818129,11345.876215083501,19.533319287402634
121,CEM.W,10739.275863850084,429.8371463573645,0.04002477930604771
122,CEM.W,1176.2703489290493,42348.766044853095,36.00257889983377
123,CEM.W,11647.900426692875,22867.435325221486,1.9632237989275216
124,CEM.W,420.9559355849599,14212.357497881203,33.76210262513992
125,CEM.W,13048.637350318479,60593.2010660042,4.643642047767179
126,CEM.W,11453.944642228378,877.8617035300634,0.07664274020441524
127,CEM.W,8012.002437938242,12479.209195189216,1.5575643282505711
128,CEM.W,301.46915984961794,44.211595050097564,0.14665379063036385
129,CEM.W,44417.17194599569,57596.674071344074,1.2967208750114165
130,CEM.W,3143.2800193380226,31172.669016272223,9.917242124307212
131,CEM.W,14.75963282797117,61464.76567393138,4164.383111038421
132,CEM.W,4375.869111736138,9315.439856858668,2.128820496909868
133,CEM.W,48.913650100386796,11031.12033563424,225.52232992211327
134,CEM.W,20361.69437477113,40349.163018882224,1.9816210908693475
135,CEM.W,15075.80076305277,19141.03199343492,1.2696527563792879
136,CEM.W,1221.5364817932625,16476.824402886537,13.488606069871876
137,CEM.W,361.17678472970863,59712.9557997688,165.3288869174019
138,CEM.W,20740.692034171723,9592.815282577918,0.4625118229793438
139,CEM.W,126.96732686320912,52057.03088188457,410.00336203005435
140,CEM.W,1423.1830798955805,2492.171206930599,1.751124814604633
141,CEM.W,3742.2915264437306,71044.3019960894,18.98417092684445
142,CEM.W,35.410745846705794,69023.99825846459,1949.2387581236385
143,CEM.W,194.66359938133849,52155.7030828964,267.9273539000242
144,CEM.W,313.47464049856535,3381.9372819484556,10.78855143296331
145,CEM.W,22848.870255160302,775.7320763879129,0.033950565945934146
146,CEM.W,8786.249030661103,79551.87263386865,9.054133607670227
147,CEM.W,9592.117630745748,20367.502146320785,2.1233582541811775
148,CEM.W,5271.889840162862,1729.2010244003925,0.32800401313904787
149,CEM.W,5790.074896653281,31069.38060207519,5.365972143129546
150,CEM.W,6268.450655390885,10886.528455450047,1.7367175804578763
151,CEM.W,3185.3942801721223,741.2964236321928,0.232717321132421
152,CEM.W,5593.363954700715,1380.7011288803471,0.24684628786224308
153,CEM.W,4231.879768755616,399.58448628019585,0.09442245718566188
154,CEM.W,7053.82434729374,46309.435627093655,6.565152936486243
155,CEM.W,31320.279817298902,600.886339146202,0.019185216181061025
156,CEM.W,28914.17901683106,10390.367913327027,0.3593519949945233
157,CEM.W,3780.638050956479,35201.25580491766,9.310929882857193
158,CEM.W,1088.5156164077337,529.6375957522702,0.48656867000232334
159,CEM.W,190.23925160795835,993.7702966634663,5.22379208425089
160,CEM.W,9291.992713855025,4806.05889837803,0.5172258573999797
161,CEM.W,42372.65975052857,129.89754031535207,0.0030655979841749657
162,CEM.W,1991.9587008627325,44203.75532314725,22.191100299419997
163,CEM.W,5294.688776343436,821.2727967846868,0.15511257251873184
164,CEM.W,741.4114491426301,25490.400869313064,34.38091075986245
165,CEM.W,2116.1933901066186,70.8143360133168,0.03346307400088279
166,CEM.W,2502.6386192681316,74.21197623175566,0.029653492781733747
167,CEM.W,18294.662716875828,9854.856700317974,0.5386738664073543
168,CEM.W,94575.83230363189,35418.305813251274,0.37449636921557544
169,CEM.W,1514.136896007913,46862.09032794268,30.94970504417176
170,CEM.W,48703.299848026545,44974.264917735876,0.9234336288931813
171,CEM.W,14232.820853006922,6164.763964942211,0.4331371854258814
172,CEM.W,1.7358737129647943,4055.4481660729684,2336.257606635707
173,CEM.W,12.378237818601598,72001.9718096888,5816.819232660619
174,CEM.W,43101.417899563145,108006.33208856377,2.5058649425465527
175,CEM.W,4415.356546810484,6563.937644865403,1.4866155372224665
176,CEM.W,61426.67209137894,113980.07227700688,1.8555469211721087
177,CEM.W,10740.456361570321,17093.635266552832,1.5915185250148567
178,CEM.W,50.8691990757448,25131.434488562543,494.0403022886513
179,CEM.W,14391.354536073757,14260.333757650793,0.9908958688986125
180,CEM.W,30.883482591163254,7780.877930811835,251.9430218999392
1,PSC,268785.0194348767,49155.6609857156,0.18288095478336513
2,PSC,62859.74325256511,45058.32119422603,0.7168072738252449
3,PSC,376836.1844664303,878281.7502963961,2.3306725481789186
4,PSC,8975396.984426526,5940578.576014301,0.661873629246926
5,PSC,925764.3347580404,4964215.774886198,5.362288855277251
6,PSC,157833.37170862776,342225.74587735615,2.168272413955209
7,PSC,376080.62247263244,99729.71026883699,0.26518173048411814
8,PSC,64906.64773416465,379517.997571634,5.8471360148810865
9,PSC,907473.8690923118,1528138.5555409335,1.6839477230010302
10,PSC,4133749.7221435886,3283247.1815113183,0.7942539829936207
11,PSC,689926.5427268668,1520344.456618246,2.203632361510885
12,PSC,5660237.034456906,757942.1316433768,0.13390642954162088
13,PSC,692039.4101082396,770289.4575155367,1.113071663642766
14,PSC,891231.0882285174,4512789.974211643,5.06354640655728
15,PSC,28488.07976590815,247839.5300298876,8.699762569693398
16,PSC,137178.99314887618,909953.2519492543,6.633327968530209
17,PSC,6216.203771314425,25766.076409069683,4.144985807571333
18,PSC,139142.18646317592,2195419.5641943133,15.778245404928523
19,PSC,318095.1296411537,112773.37483765221,0.3545271974609388
20,PSC,1948203.4426562896,28555.026896286166,0.014657107297455878
21,PSC,142558.173910488,836927.9642899536,5.8707820206469465
22,PSC,909306.1905354762,671353.5753612968,0.738314093040483
23,PSC,791347.7500608561,1046031.020228555,1.3218348319662414
24,PSC,6451.707276227175,864285.7788900203,133.96233615165454
25,PSC,856700.5491636725,120756.12915693007,0.14095488706621528
26,PSC,41585.29556130606,815249.5280051582,19.604273986782115
27,PSC,481983.7406920594,711373.8277551935,1.4759290982176345
28,PSC,601952.8041641113,7212.441225666256,0.011981738727310452
29,PSC,1021778.9615177293,1127569.429324453,1.1035355705989334
30,PSC,129167.76822898778,4720.882318854917,0.036548454646098454
31,PSC,41389.014139968756,604594.1222684591,14.607599017068916
32,PSC,196000.89027923136,22660.60142260504,0.11561478823040938
33,PSC,371061.4061367806,13516.805429728498,0.0364274085264096
34,PSC,62661.39151351175,15371.003650595378,0.24530262222601473
35,PSC,15173.957592916979,997772.9529754433,65.75561760111889
36,PSC,766949.7177724078,498401.3057817885,0.6498487374496811
37,PSC,4065741.0124041904,7598677.124680939,1.8689525726056075
38,PSC,4235358.755780927,3592091.545834728,0.848119782280972
39,PSC,13102181.627252677,8588047.229556559,0.6554669652642678
40,PSC,66794.76811027489,3986.4464382474407,0.059682016287054294
41,PSC,3396822.9466182715,1153818.9001227668,0.33967590252870217
42,PSC,38572.668461760346,335902.39081922645,8.708300571743665
43,PSC,176619.9595495971,3289033.6355560226,18.622094829731974
44,PSC,443842.70776851213,69709.44421672309,0.15705889270367446
45,PSC,44531.127237182285,81932.12662325597,1.8398844068524918
46,PSC,66676.56067813469,227394.72770421673,3.410414775319785
47,PSC,1975207.3080322437,1138151.4233677872,0.5762187182780552
48,PSC,763700.4782196257,1857733.7772391052,2.4325423778310853
49,PSC,475102.5711988998,56593.860896751175,0.11911924777409462
50,PSC,4638198.110956098,3064444.1294355174,0.6606971190378554
51,PSC,1105600.2562980715,1430392.5841378449,1.29377012712288
52,PSC,1136536.7015315406,109958.03014923037,0.09674833201695675
53,PSC,783365.7974560361,30109.94928065132,0.038436640172998034
54,PSC,1160633.5512602325,53797.628253762356,0.04635194992885405
55,PSC,1216532.8037941782,2441556.5938134342,2.006979660719872
56,PSC,937103.9057725967,724373.4149735487,0.772991565301756
57,PSC,316103.79579858726,630.9155259564038,0.001995912527283937
58,PSC,259487.85306749286,22755.899715165473,0.08769543331666727
59,PSC,1509707.6514008394,1016831.979965607,0.673529063075292
60,PSC,464975.6419141359,449881.3415673184,0.9675374385533837
61,PSC,732241.0630070734,292702.9493521879,0.39973577574324104
62,PSC,2304436.1931209625,13315.825365758985,0.0057783441370641685
63,PSC,8062.967974994062,348385.8049358073,43.20813452518566
64,PSC,410060.08287006506,490030.6650872203,1.1950216213619977
65,PSC,317485.4165199968,2038684.2106612562,6.4213475787567385
66,PSC,1052057.598452038,50973.82500487566,0.04845155348896945
67,PSC,388212.1411409736,3501718.4824082926,9.0201158369663
68,PSC,3111162.935155615,796857.3077629693,0.25612843954863834
69,PSC,280532.6807522876,199832.72528290583,0.7123331397505147
70,PSC,664399.0121407135,220359.8473723473,0.3316679334942737
71,PSC,9245.21345776117,477260.12636077096,51.622402072298364
72,PSC,536744.9660604349,20861.113543788648,0.038865969618501806
73,PSC,1901436.5262862104,1312978.8301717506,0.6905194109930108
74,PSC,944135.6283566466,4426312.318375626,4.688216592440243
75,PSC,908885.59778445,680631.0541434867,0.748863284667103
76,PSC,396064.47156534443,9.642483072532675,2.4345741071960343e-5
77,PSC,776676.4371796582,249056.06103140395,0.32066900591937636
78,PSC,29981.085034182342,121717.57434117144,4.0598121849958915
79,PSC,2420258.6064745667,1911646.417453995,0.7898521308177748
80,PSC,27501.28090269504,27293.347360909233,0.9924391324709013
81,PSC,3095632.507375632,7363962.859703749,2.378823339707935
82,PSC,91953.35945134386,109211.52936768175,1.1876839521613114
83,PSC,406609.12555673777,277297.3188878877,0.6819751487579291
84,PSC,403726.956274378,847724.9721702457,2.0997482555861864
85,PSC,1443820.6119296162,95010.38511534389,0.06580484052542082
86,PSC,260346.00375482228,6586.58083244282,0.025299335259417514
87,PSC,181439.0766621269,201282.40387649412,1.1093663370615536
88,PSC,940023.9985654419,2742423.6978027807,2.917397536645827
89,PSC,172820.713653725,18257.109598267252,0.1056419060671651
90,PSC,32.711905267437295,507542.56533051236,15515.530544035293
91,PSC,658132.384532688,1311174.6533585996,1.9922658179016817
92,PSC,2319518.8633208657,507228.8814723626,0.21867848953216132
93,PSC,114480.93846595538,1126813.2318043846,9.842802189636828
94,PSC,146002.39152445647,4293.909567881154,0.029409857763609937
95,PSC,7362.909894489143,1312764.2734057277,178.29421957048282
96,PSC,30562.447478708767,1407882.0306007483,46.065748876347186
97,PSC,65886.73901912975,1250506.0043643983,18.97963115159369
98,PSC,650515.3729284011,496573.8144296576,0.7633544649287065
99,PSC,2749953.425077526,4586962.778972682,1.668014715137718
100,PSC,8608.051107025645,741933.0597588033,86.19059651647035
101,PSC,462269.64256237145,192360.5038539349,0.41612186079898333
102,PSC,57277.27958850186,4697445.640774076,82.01237339695626
103,PSC,272172.55175928713,350717.9369928702,1.2885867245829021
104,PSC,769469.7526238514,1084429.4531236843,1.4093204436247648
105,PSC,312280.49590765085,7224.814221916332,0.023135656298089426
106,PSC,794173.7717683278,286028.115322961,0.3601580982535893
107,PSC,553651.407824563,342514.5623044114,0.6186466022912108
108,PSC,1342861.0429350126,324923.5002700351,0.24196360597360758
109,PSC,1871052.9064733172,310229.1575505354,0.1658045886769047
110,PSC,2436108.70015801,857971.1772758157,0.3521892012536905
111,PSC,185131.4250168956,6263931.1337084705,33.83505060330415
112,PSC,8719.813918934056,3400198.2565226867,389.9393138584705
113,PSC,727615.825833423,2658887.7943717353,3.654246787892776
114,PSC,4117649.844826748,1045590.9211677398,0.25392905190357035
115,PSC,1706926.945394368,116330.13574842096,0.0681517952846799
116,PSC,328243.0867039823,220968.2147159608,0.6731846721732646
117,PSC,187765.11880309656,327406.98867471406,1.7437050649330432
118,PSC,185843.99358779393,1619568.3411790677,8.714666048187201
119,PSC,555066.0332581712,28528.29782905161,0.051396223367504434
120,PSC,415003.33112590475,1233543.7365141457,2.97237068716422
121,PSC,1519445.5552531732,16358.731158644005,0.01076625029576547
122,PSC,175814.5584873527,151922.27010317543,0.8641051765579698
123,PSC,457179.0785925249,1037315.8394697903,2.268948620009645
124,PSC,1204860.491705485,7105895.639794506,5.897691632112596
125,PSC,73881.51163106899,106933.49575339844,1.4473647519202935
126,PSC,416235.78831683996,541930.3289754692,1.301979176675097
127,PSC,506553.5165579959,286317.67161324027,0.5652268955879599
128,PSC,658294.3051169912,940053.2986509559,1.428013718702748
129,PSC,48281.0870978332,5123275.0539321,106.11349830526136
130,PSC,617516.3425998401,445287.2328704241,0.7210938434369127
131,PSC,423610.5359599063,1198382.9681917755,2.828973470823208
132,PSC,3287.3887909346095,1636.072604627863,0.49768150610586137
133,PSC,163375.55936948291,2037969.521768389,12.474139520216776
134,PSC,393523.312174815,1134941.5665653779,2.8840516722963603
135,PSC,632158.3759776731,612477.8058332356,0.968867658972326
136,PSC,1791.653495503055,86931.18808907199,48.520089574945246
137,PSC,40542.46991397269,1457079.011985441,35.939571887880184
138,PSC,253703.52321900503,285038.0491693969,1.1235084383252452
139,PSC,120984.86556174314,285941.32399948937,2.363447053247852
140,PSC,524455.5108032424,407859.84029463667,0.7776824380584144
141,PSC,842343.7546829286,422235.80520979635,0.5012630566350345
142,PSC,16294.44867861668,15946.794066614259,0.9786642298331547
143,PSC,16415.46569934524,83046.30520249673,5.059028280008478
144,PSC,4096821.539919217,2172179.0397941386,0.5302108033333984
145,PSC,1005796.2260603182,64926.78598090554,0.06455262437722832
146,PSC,3094550.88789376,4732235.216541533,1.5292155107400505
147,PSC,42253.15045934476,164585.89368847042,3.8952336547503617
148,PSC,872493.1131159653,6420.44882371869,0.0073587386848122105
149,PSC,791556.9000589282,4290490.461940425,5.420318440305449
150,PSC,337645.4657910274,131393.62055685272,0.3891467052549544
151,PSC,61244.82398058619,410702.2339996556,6.7059092884297105
152,PSC,1216503.6140068588,268188.32891809574,0.22045830840958247
153,PSC,333890.3895911754,135019.5015987052,0.40438271303354006
154,PSC,21486.36636599403,83259.91459623857,3.8750113992290522
155,PSC,2048737.1292249968,109143.68533752975,0.053273640517667094
156,PSC,479376.31535104767,592045.9424616302,1.2350337793140125
157,PSC,182569.2591555806,1640.7066726534447,0.008986763052235856
158,PSC,2969300.132245208,5318301.733708404,1.7910960485112768
159,PSC,3904247.977857328,173926.021406769,0.04454789306242287
160,PSC,1000138.416314637,234476.16806722234,0.2344437172318933
161,PSC,1744690.688098185,16759.670792660316,0.009606098609335353
162,PSC,4728672.873111196,4614869.827070772,0.9759334068787997
163,PSC,21735.820045595632,77463.88250073012,3.563881295402368
164,PSC,118785.0912200692,2389126.597087307,20.113017320170687
165,PSC,1089912.1924104071,3441509.6259561814,3.1576026490217286
166,PSC,2126415.138566796,70865.15279309425,0.03332611375258425
167,PSC,257913.0244100881,96605.48763629647,0.3745661463094293
168,PSC,2259160.037988631,2965270.6816781787,1.312554503362325
169,PSC,1583390.2821923383,139208.80923364093,0.08791819098503909
170,PSC,3565.736574317274,371307.62051985366,104.13209522942601
171,PSC,63547.42872960689,278514.2697313327,4.3827779549729025
172,PSC,21466.922934475897,410040.38080893486,19.101031948570963
173,PSC,200769.0893343079,106558.91247588124,0.5307535778002466
174,PSC,169976.9661258097,2193854.3169447165,12.906774176219377
175,PSC,217261.68598499053,87172.84074922107,0.4012343011792856
176,PSC,253853.2649763175,233643.89462196006,0.9203895590775922
177,PSC,1514998.7508493322,3296407.9547804166,2.175848628873389
178,PSC,285026.8481730226,416147.5654449179,1.4600293555233779
179,PSC,603188.5750826854,704878.3937506976,1.168587110016254
180,PSC,1408978.7112417226,13532.741097465587,0.00960464554183312
1,MAH,293812.4680553535,498297.1713914479,1.6959701359493362
2,MAH,3783457.7270689933,2897272.737615017,0.7657737833004693
3,MAH,2721404.8034128696,3078822.441258121,1.1313357121281697
4,MAH,10232949.880902411,10068052.227275161,0.9838856189518727
5,MAH,652204.2138122002,232746.8264442895,0.35686188699067206
6,MAH,452567.3049570837,239939.58108031936,0.5301743595973476
7,MAH,778.4414261686029,47811.09498009408,61.41900131833253
8,MAH,204646.94230603872,917429.3638154209,4.482985934104276
9,MAH,2574797.7854573443,5534576.459054836,2.149518882731121
10,MAH,285911.42311071535,246758.6408524816,0.8630597482526176
11,MAH,22207.87958656366,153729.60706404125,6.922300099152718
12,MAH,504724.88905818056,568036.6246406116,1.1254381088687166
13,MAH,321667.4400424026,254227.62113571903,0.7903430359697159
14,MAH,1029458.2532382716,321109.3316209503,0.3119206928604112
15,MAH,1212395.8441796151,4405308.540745478,3.6335562860052466
16,MAH,8467.65881856558,236765.88978576567,27.961198586160535
17,MAH,23183.999708975578,518732.31369147473,22.37458247942653
18,MAH,66010.56085422756,192158.049005872,2.911019790154767
19,MAH,771696.6878679682,897845.7615820925,1.1634697617565872
20,MAH,347645.17602501594,541.6748935939486,0.001558125729766981
21,MAH,23716.484214871234,18493.45467197815,0.7797721831122834
22,MAH,28523.257661361957,41837.929099930996,1.4668005175511667
23,MAH,905844.48457137,2816538.3736733943,3.10929571427057
24,MAH,41236.01140671409,220085.6902966166,5.337220618306018
25,MAH,1061.1822512319304,42028.050733814845,39.60493184372837
26,MAH,274122.31482838426,1098906.5605002518,4.008818330562502
27,MAH,607.4121485781696,135596.53610536113,223.23645719428808
28,MAH,1986012.523920957,2063206.9018103888,1.0388690287496416
29,MAH,155187.72237246108,1525004.3042000898,9.826836046604098
30,MAH,183016.16307128198,6513.744189554735,0.03559108703976999
31,MAH,1428597.1170998092,711711.4841191409,0.49818908046236593
32,MAH,18824.051486458255,46022.907379287026,2.444899144713625
33,MAH,1834853.6210384977,1351138.0985635319,0.7363737810315405
34,MAH,492777.2766757385,474992.06987683306,0.9639082245859957
35,MAH,289720.3213299787,378543.030692383,1.306580874115624
36,MAH,94751.26833336224,645934.5244495047,6.817159662464054
37,MAH,2442861.962357623,2645053.015794216,1.0827681041958905
38,MAH,36851.06697786042,925768.4983741455,25.121891285544965
39,MAH,9667205.789245954,9585332.891268898,0.9915308621992786
40,MAH,331849.80448559433,365795.99670076004,1.10229384425218
41,MAH,1495919.8630217277,2018593.3264932432,1.349399373851301
42,MAH,1546716.9476890138,2062340.2595726738,1.3333663038050143
43,MAH,1652488.700102694,970558.6940031766,0.5873315163624787
44,MAH,2813574.511942628,2467285.980363039,0.8769222104800435
45,MAH,28059.131044152204,132739.6765001778,4.730712305071259
46,MAH,309582.98878932936,1213988.3995684623,3.921366623908974
47,MAH,1005824.6686008383,1355260.0733030536,1.347411845832237
48,MAH,2507135.8023570427,2902990.5260671135,1.1578912172758709
49,MAH,277049.80544418824,1822.9595735176122,0.006579898407056806
50,MAH,3333205.9083663495,3844010.2598817656,1.1532471637090576
51,MAH,191467.8502111288,518913.13456393545,2.7101841588117144
52,MAH,135907.17641769283,911965.2448409714,6.710206693119473
53,MAH,3270131.3640938816,3620784.6516097775,1.1072291135964987
54,MAH,247243.8722149171,84699.51987460128,0.34257479918845507
55,MAH,3790421.456280545,2406875.2542344434,0.6349888216906243
56,MAH,2956628.439704102,2066386.3798463584,0.6988995817320763
57,MAH,1691465.2505336688,1449329.3437233567,0.8568484296476582
58,MAH,237.0325463775009,10772.0303140088,45.44536384827565
59,MAH,721787.2329170278,1219735.443157132,1.6898822638185196
60,MAH,1336951.2395046498,1394130.39461369,1.042768317511883
61,MAH,916282.2050944802,1382910.0284809743,1.50926212556794
62,MAH,142770.86062065003,8532.244226052946,0.05976180425726777
63,MAH,17091.206195279843,295260.0179796511,17.27555180167415
64,MAH,2068821.9750112446,2178174.7552593695,1.0528575109743459
65,MAH,65784.69726598023,411658.0548426788,6.257656749232512
66,MAH,7707.070674488995,315274.04124029545,40.90711692626319
67,MAH,1569.8312376417452,534036.8191168882,340.18740760894576
68,MAH,7674870.031073643,8076427.852799972,1.0523211233676297
69,MAH,1228411.40385439,605175.7142036367,0.4926490525118663
70,MAH,2662008.0895450884,2372694.069169218,0.8913173774669817
71,MAH,1139242.2149240784,746753.1402877783,0.6554823289598196
72,MAH,199550.6276042943,770921.0228994989,3.863285383537971
73,MAH,6437869.943427224,6432911.224680967,0.9992297578562737
74,MAH,1250128.0424247517,823121.2625603686,0.6584295645139201
75,MAH,898019.8888166513,508086.63217403326,0.5657855004119728
76,MAH,307927.0991541455,1049251.9885636852,3.4074688179309582
77,MAH,172906.32862379795,1089865.2781178234,6.303212188890464
78,MAH,1344215.980325265,59.974415253450125,4.461665099304792e-5
79,MAH,2721416.4083115007,3887529.379841945,1.4284948705273508
80,MAH,186449.35789252378,729725.6176354755,3.913800647445061
81,MAH,65033.89861433685,296980.37647676794,4.566547336150289
82,MAH,219691.50930768537,716718.1975973771,3.262384604011205
83,MAH,59005.00752876705,1543.6326393118552,0.02616104469708404
84,MAH,63281.497112306315,28315.96736665833,0.4474604530358328
85,MAH,112792.42794377846,161405.9883245056,1.4310002122213261
86,MAH,314394.90483005776,98487.82845040849,0.3132615285341372
87,MAH,184246.95617697103,56597.80460915861,0.3071844755730773
88,MAH,3268996.6426142254,1827795.826165278,0.559130530248445
89,MAH,137763.75054700274,113842.61526818806,0.8263611785841067
90,MAH,2659098.688012183,2023795.215541744,0.7610831537262868
91,MAH,1566082.313814627,3533870.165041904,2.2565034633678898
92,MAH,137.40478333263198,523709.2790816918,3811.4341173544663
93,MAH,313136.18117761734,9033.16301771281,0.02884739471415158
94,MAH,36545.56899082631,26078.80351858004,0.7135968665620271
95,MAH,14294.472843685504,5639.6121918899025,0.3945309668681603
96,MAH,691969.7582750294,2975385.74547818,4.299878296553514
97,MAH,7951.101975549635,64316.93516467767,8.089059272847729
98,MAH,229591.93679390455,279956.7401689199,1.2193666035415949
99,MAH,171574.59837413795,2998682.6164325224,17.47742757289487
100,MAH,19418.473917724325,13107.966449855523,0.6750255712881305
101,MAH,379352.46205286233,208023.7795347112,0.5483654393831859
102,MAH,1817629.8755115136,620901.0823843013,0.34159929408596934
103,MAH,326684.2381015727,2375453.169708925,7.271404287862669
104,MAH,131676.88797068462,101325.21612064594,0.7694988671300015
105,MAH,108069.51428876646,115866.66180901977,1.0721493713705328
106,MAH,230234.5453449242,1921262.1703999904,8.344804067181428
107,MAH,221332.22856839013,104476.37777689731,0.47203418342039977
108,MAH,1963857.5089871078,3222851.2150254417,1.6410820032903919
109,MAH,501423.8690437991,635836.8322816615,1.2680625545293327
110,MAH,2228508.4517973447,2911084.775132769,1.3062929031231225
111,MAH,592256.0890259667,150821.4235752331,0.25465575849676153
112,MAH,522908.56941595837,476941.7553815421,0.9120939745054149
113,MAH,4835.202153623032,135493.28171182732,28.022257892630567
114,MAH,2198102.172346695,156757.7735000505,0.07131505326374153
115,MAH,15509.903598545705,3623.838478866497,0.2336467442135674
116,MAH,894472.1495393479,1038134.6299598638,1.1606114628549384
117,MAH,262930.11131516844,853071.1924902096,3.2444788777640317
118,MAH,5285670.30823963,6997231.21816729,1.3238115149292555
119,MAH,2302202.637745738,709955.1392247726,0.3083808208646411
120,MAH,877355.5953841115,697598.5907592764,0.795114996051132
121,MAH,448509.8752348677,457955.4287621781,1.0210598563127828
122,MAH,89199.41436640944,11.593360334685753,1.2997126065271075e-4
123,MAH,2031443.317664242,2641244.219811181,1.3001811061349668
124,MAH,245985.1107480424,1194653.6836075687,4.856609735339748
125,MAH,720443.1065529657,83982.46994614699,0.116570578831644
126,MAH,103055.7396885074,1051664.2531515502,10.204810099178106
127,MAH,33181.69165627831,293159.9658212514,8.83499156275785
128,MAH,4876417.837163863,4848739.293332528,0.9943240007818049
129,MAH,938610.9964471918,2473782.622281096,2.635578137955766
130,MAH,718972.5743540897,274670.0833993254,0.382031378103794
131,MAH,187530.3509440135,394334.83634968055,2.102778746824869
132,MAH,5068110.582913462,3172894.1718318667,0.6260506987611726
133,MAH,46807.15887156425,29691.563307051747,0.6343380803890156
134,MAH,5837808.397839823,4956603.195660131,0.8490520513647268
135,MAH,182411.42927929014,111774.23435802021,0.6127589416937393
136,MAH,1215541.5382219255,1869741.1053623036,1.5381959781459469
137,MAH,301713.8024565866,531194.0620895188,1.760589199978519
138,MAH,648445.8436085054,168586.23941609386,0.25998507211941757
139,MAH,1202.2630014650108,382.48232709072266,0.318135321992485
140,MAH,71267.61354032064,841492.5793690552,11.807503262235224
141,MAH,286865.5150712357,342429.9647207595,1.1936951175038442
142,MAH,3885.4501189520656,329.5012178499662,0.08480387284931484
143,MAH,7410.126747785674,89430.70307079978,12.0687143573521
144,MAH,36041.603810633795,2005753.3944308707,55.651058287231066
145,MAH,3079498.117632908,1337593.9976732975,0.4343545430388036
146,MAH,95662.10862327545,547.4772970914642,0.005723031877203029
147,MAH,1255082.980369181,1252428.5285427342,0.997885038783917
148,MAH,44496.18003919067,76857.50078886589,1.7272831223078589
149,MAH,301475.1370603037,169045.52354341178,0.5607279100750447
150,MAH,74845.76180587344,25.13729780763273,3.3585465898297676e-4
151,MAH,434274.28013331903,708944.4076243974,1.6324807617129817
152,MAH,291358.0810901517,171022.40033671662,0.5869835485489728
153,MAH,2130260.4943816485,1088016.1011499565,0.5107432185028504
154,MAH,769249.9805319427,361489.6067298083,0.46992475252301635
155,MAH,665558.0864828146,871535.5670821797,1.3094808474011135
156,MAH,3357412.439002359,2186348.741646167,0.6512005246206306
157,MAH,1581720.4803933657,437361.7223446824,0.2765101215835005
158,MAH,2662191.149719471,1531658.3556662507,0.5753374831208681
159,MAH,1101642.9729573322,1684191.5601128265,1.528799803072004
160,MAH,51646.91118921602,28.922282348705085,5.600002339490172e-4
161,MAH,1195.186337189218,372657.3141590573,311.798505859308
162,MAH,2939444.512554752,2636434.9976131613,0.8969160623215041
163,MAH,382581.72314085363,1973909.4682442984,5.159445286720014
164,MAH,141476.5936809486,448798.2973327812,3.1722441547107794
165,MAH,1013036.8442528499,929176.1051301014,0.9172184707806963
166,MAH,1057622.5620532755,1919842.8359949666,1.8152438354451996
167,MAH,2957065.8786333804,2831552.753770994,0.9575548432081625
168,MAH,289913.2704509888,144628.43379387073,0.49886793236089844
169,MAH,166195.72301933914,245.14030611160985,0.0014750097154009457
170,MAH,1451568.5867777157,1213612.1951862716,0.8360694811399336
171,MAH,2260.788323826694,358060.9417370715,158.3787999802672
172,MAH,240612.30196212983,12769.614181646868,0.053071327099712004
173,MAH,95013.08329944684,128338.92124092879,1.3507499892036023
174,MAH,1148908.0657093115,834012.4820739472,0.7259175098218547
175,MAH,5188.408900565399,926568.2894391343,178.58428416044137
176,MAH,875274.0715837284,809701.208777009,0.9250830512000986
177,MAH,2926483.8738931403,2995722.133296096,1.023659197312045
178,MAH,277690.16605757014,191329.74147644214,0.6890043828083421
179,MAH,1041880.5017472366,1789497.7993767797,1.7175653027154139
180,MAH,3456.90082797074,8606.577883401122,2.4896802979602195
1,EBAL,72587.67002302197,142698.2313663838,1.9658742500086517
2,EBAL,26892.56183305006,596.3929018861045,0.02217687201347837
3,EBAL,168241.98646329503,44126.227489502046,0.262278331450449
4,EBAL,770509.2080099476,587502.7201027039,0.7624863064519263
5,EBAL,225785.28571856566,282746.8721122095,1.2522821016097776
6,EBAL,42.177037382875405,108319.39221997069,2568.2077011874285
7,EBAL,296803.8485352311,69863.65078162432,0.2353866067654153
8,EBAL,337524.44530694396,264477.57054813515,0.783580490911169
9,EBAL,532461.3054131457,1076957.5662733887,2.0226024977303454
10,EBAL,751093.7361975197,491019.33638919255,0.6537390910421149
11,EBAL,154.2064545091837,138911.4641129437,900.8148495150759
12,EBAL,16541.173160922022,101469.25474247544,6.134344508416926
13,EBAL,51918.640000743544,166218.70925573475,3.2015227913010484
14,EBAL,173291.4368764697,221714.0611496797,1.279428834719213
15,EBAL,85074.81042464085,48988.69624988181,0.5758308012131973
16,EBAL,216003.45093421335,43432.16885004802,0.2010716433566418
17,EBAL,40174.36763537373,3215.5585205345283,0.0800400531433185
18,EBAL,100180.34517928539,2821.388883460988,0.028163098044948397
19,EBAL,753634.5216958005,928989.998425313,1.2326797296054515
20,EBAL,2650.852803255607,14086.59233340688,5.3139851130574405
21,EBAL,5907.088774355271,419029.08708522026,70.93664969187046
22,EBAL,65776.43088773181,219091.55962355563,3.330852049383834
23,EBAL,82123.91540464628,5940.58048514898,0.07233679076159688
24,EBAL,2918.83627071285,9186.661588905577,3.1473713277730284
25,EBAL,5532.2165416718135,9486.652258829376,1.7148013255393195
26,EBAL,148542.33236971384,269551.65841362055,1.8146453883780487
27,EBAL,52978.50480090014,260344.547595914,4.9141543079466175
28,EBAL,69786.49562844653,0.918887281468501,1.3167121707339923e-5
29,EBAL,159696.69365639053,145731.65347809106,0.9125527281839211
30,EBAL,101785.83764906309,263807.9656294471,2.5917944158302593
31,EBAL,111384.20590929149,10974.60229746659,0.09852925024580264
32,EBAL,95419.32487544917,159.41179398982456,0.001670644748303394
33,EBAL,106926.61840108436,25802.735037090435,0.24131255082157135
34,EBAL,188502.1390636582,375640.7454372594,1.9927664869118724
35,EBAL,754987.1935741493,113731.39893713244,0.15064016966794097
36,EBAL,0.32968971851269485,34366.449555661,104238.76640950725
37,EBAL,177220.89797515384,1386798.3694608733,7.825253033393955
38,EBAL,927185.580030677,1386669.7602945657,1.4955687298854303
39,EBAL,268233.7261236727,802228.4278396149,2.990781358604164
40,EBAL,71592.04590555167,36546.929964110495,0.5104886932875937
41,EBAL,396207.38500444056,393559.5770440777,0.9933171160847161
42,EBAL,1.7760758184023102,264983.5387952891,149196.07375413633
43,EBAL,391167.05223836855,1259142.309885922,3.2189375426195874
44,EBAL,170205.94500825834,621863.0715496514,3.653591956024091
45,EBAL,808912.1678664014,268324.73197115405,0.3317105893942618
46,EBAL,11145.308959934999,583192.3371568618,52.326260245751236
47,EBAL,160406.36397346493,103527.96230367543,0.645410566882505
48,EBAL,188301.13210922616,810472.8906565671,4.304131799836675
49,EBAL,156689.1639174742,217233.60297644732,1.3863983797300812
50,EBAL,148507.6837131764,437373.49976879073,2.9451237056092108
51,EBAL,40513.936281882765,100704.69516272254,2.4856803461912977
52,EBAL,879169.1240329952,655486.4751743807,0.7455749494107351
53,EBAL,27315.048048630317,11219.549095387647,0.4107460867508977
54,EBAL,163841.0637357356,165115.96790260295,1.0077813469822419
55,EBAL,297275.3393342623,22887.266270266195,0.07699012747415047
56,EBAL,471401.5333441748,95454.96970304416,0.2024918523829908
57,EBAL,666786.2084781872,1258952.4532101445,1.8880901212451053
58,EBAL,189.21500879670864,19149.664514997614,101.20584321919138
59,EBAL,120085.3807161189,593517.289145118,4.942460819174894
60,EBAL,81316.81267410069,9423.85932477955,0.11589066288847595
61,EBAL,271858.15446774295,629439.497720562,2.3153232204967664
62,EBAL,56132.53419652062,165799.0982583801,2.953707696109277
63,EBAL,517567.44472351676,243729.37926494953,0.47091327275259587
64,EBAL,121642.36907621892,281653.32569650724,2.315421245372394
65,EBAL,5762.455388586477,164.34557655135626,0.028520060541704258
66,EBAL,617454.0493329177,901129.7206478483,1.4594279875909908
67,EBAL,15486.882312544998,5404.137777987001,0.3489493668851239
68,EBAL,9352.975401529753,122959.17078960077,13.146529902076919
69,EBAL,13638.186404346585,114800.72207544553,8.417594441945576
70,EBAL,11956.766588955259,8495.424095738053,0.7105118288070851
71,EBAL,999469.5645078415,1736542.515830733,1.7374641284708263
72,EBAL,114909.52347463735,177391.85336008802,1.5437524062071468
73,EBAL,69534.41130579366,636700.1507236499,9.15661956097699
74,EBAL,341194.8056975512,500961.1870575462,1.4682556085030745
75,EBAL,89202.34398633457,8328.361818759226,0.09336483153441681
76,EBAL,4347.04104837302,69530.1621551601,15.994825303336704
77,EBAL,424014.81195811584,806808.6055663128,1.902784013229258
78,EBAL,15984.027867362909,38516.12507156379,2.4096632833209823
79,EBAL,693422.0014575659,1054057.67680848,1.5200810972147718
80,EBAL,131906.11327002003,194850.89307021195,1.4771938027719764
81,EBAL,211405.09596311586,159581.79128167158,0.7548625569059794
82,EBAL,46.481856730819324,23976.544953246255,515.8258864764507
83,EBAL,76086.15452398456,73300.94910624775,0.9633940572346992
84,EBAL,30951.172531578097,25748.013349756777,0.8318913709484586
85,EBAL,187796.9266884301,50069.20050926501,0.2666135244712165
86,EBAL,5422.242370358113,85211.6497703197,15.715204882051756
87,EBAL,77845.6705116263,16438.066741207735,0.21116224747210185
88,EBAL,14034.625901090836,47645.40551699052,3.3948468489842183
89,EBAL,30149.69467819984,390.7832646330183,0.012961433566873883
90,EBAL,223.0369126487812,69624.897368653,312.16759836651846
91,EBAL,785283.3754779011,425032.907141507,0.5412478099168266
92,EBAL,695316.5385716211,252403.79988040566,0.3630056037483521
93,EBAL,251339.82064397147,792524.6227170461,3.15319960317659
94,EBAL,125605.86929061411,45970.063854485496,0.3659865905479674
95,EBAL,316709.8353296283,188215.68359209545,0.5942843025263251
96,EBAL,7620.851100667553,57543.18657578086,7.550755921571586
97,EBAL,21677.62891928659,8584.23007486867,0.39599488056700144
98,EBAL,250992.85074618514,175469.44892381193,0.699101382378633
99,EBAL,718502.888107077,1700730.4400575096,2.3670474652344797
100,EBAL,23650.37159432445,114.8331439419492,0.0048554477668125325
101,EBAL,116760.29225801643,37008.22290411926,0.3169589779917529
102,EBAL,309472.7305067462,74076.84861932548,0.23936470427629705
103,EBAL,192605.02852122788,308065.27231106116,1.599466403739858
104,EBAL,78083.39005905461,22648.008021703397,0.29004898486828845
105,EBAL,35292.45687391516,175711.92382502375,4.97873878411943
106,EBAL,108536.26616327625,8162.286105952008,0.07520330664105485
107,EBAL,17945.563814796504,35269.11376481723,1.9653388508048484
108,EBAL,5611.126205102986,150343.1047700127,26.793748576406028
109,EBAL,43124.88873216808,87373.44413026438,2.0260561058581943
110,EBAL,100158.18618198896,99315.31438540174,0.9915845940435093
111,EBAL,343174.91962795606,689341.3889129844,2.008717273570911
112,EBAL,95692.90100540708,313531.0741686283,3.2764298174105138
113,EBAL,55230.430862906134,127967.47316833938,2.316974015393476
114,EBAL,286581.1998010453,225202.70621542443,0.7858251217168748
115,EBAL,179104.05083147326,999.9867798572233,0.005583272825013624
116,EBAL,225001.9381317873,24440.69854519309,0.10862439118581181
117,EBAL,10887.302984535807,7917.133984020477,0.7271896442365826
118,EBAL,18401.417626914572,1928.48937976807,0.10480113102522016
119,EBAL,18331.09230966419,4291.009389582814,0.23408367145260542
120,EBAL,7671.758723903053,349551.117336594,45.563361664058924
121,EBAL,809543.1171973024,649925.7477645798,0.8028303050919269
122,EBAL,64034.893949880316,108135.47833773734,1.688696141550172
123,EBAL,29904.846688992937,109861.04715935419,3.673687021434913
124,EBAL,451062.5210264707,569601.3936069485,1.2627992064397684
125,EBAL,55931.60998264455,8905.897783606817,0.15922834666068608
126,EBAL,26058.8071579275,82295.50952396679,3.158068940961912
127,EBAL,247725.7855280395,1082997.3456393678,4.371758649713862
128,EBAL,1299.015301230011,20480.55330423162,15.766214058324799
129,EBAL,6898.810834893067,20050.55121500511,2.9063778808940044
130,EBAL,267693.170455478,170914.18779433667,0.638470482842455
131,EBAL,797779.9415642553,18733.102252040906,0.02348154080598941
132,EBAL,415255.5922678945,65438.60064751088,0.1575863200062442
133,EBAL,206765.65734540287,202246.9984839163,0.9781459894283211
134,EBAL,269602.919768083,50659.52856625391,0.18790422822509523
135,EBAL,30366.93162363294,59007.169699991675,1.9431390181703307
136,EBAL,3194.1579475537765,440.27321905353557,0.1378370219264566
137,EBAL,211973.86247881083,338847.14982662,1.5985326957963584
138,EBAL,520727.16117556137,919099.595971895,1.765031026799126
139,EBAL,6244.303674217283,154919.30572709782,24.809700778448576
140,EBAL,129578.68169968418,1874.2779735873185,0.014464400694639005
141,EBAL,8733.561283752799,2933.501341255349,0.33588833305751165
142,EBAL,4959.563517514544,8383.327502686747,1.6903357469021794
143,EBAL,45567.96162626261,36551.64762118248,0.8021347963942351
144,EBAL,214054.94852001267,53588.15572352934,0.2503476611685023
145,EBAL,34724.8435235978,55679.97141074486,1.6034621256941497
146,EBAL,68187.55973721325,154768.3441131502,2.269744579650731
147,EBAL,956041.423560224,392116.01582835754,0.4101454248375012
148,EBAL,40151.40746773971,253.0707446424338,0.006302910921510474
149,EBAL,126697.94932642205,242535.35729694262,1.9142800541473595
150,EBAL,143302.85243720785,114857.82379932544,0.8015041002038226
151,EBAL,824466.7697485181,428685.87676667044,0.5199553123256014
152,EBAL,61411.79854237102,149349.10332125975,2.4319285034164317
153,EBAL,202647.3099754893,44978.534878627645,0.22195475915307195
154,EBAL,32864.014107840696,30.681889536905746,9.336013986674154e-4
155,EBAL,68958.39853933346,38.848876581722834,5.633668618270429e-4
156,EBAL,3974.61472196113,216.79869415142704,0.0545458388591827
157,EBAL,4376.994950346983,23175.44360354451,5.294829869910472
158,EBAL,135785.38957663102,57659.616796772105,0.42463785666889936
159,EBAL,870653.3921700992,292120.3090205067,0.3355184872046479
160,EBAL,49912.0189906536,401405.12147557276,8.0422537415434725
161,EBAL,841647.7098402907,622842.0766005599,0.7400270556415451
162,EBAL,572520.0736087832,1243548.185013722,2.1720604085988233
163,EBAL,7666.980130876238,20675.349283422296,2.696674431196076
164,EBAL,174250.0061142393,25181.626908787446,0.14451435308575097
165,EBAL,14760.751026042077,28058.48096149907,1.9008843731593394
166,EBAL,294820.2428468905,208611.12231751977,0.7075875126588852
167,EBAL,245985.82675235483,136038.4809177103,0.5530338178982419
168,EBAL,78521.50918575372,311339.4926517835,3.965021761301938
169,EBAL,182664.46633532978,230650.8417213969,1.2627022997345045
170,EBAL,15447.213348736084,2694.8627028518063,0.17445623634584578
171,EBAL,506717.20440855157,277722.21038585913,0.5480812728867592
172,EBAL,77.9181751692468,161040.72419849157,2066.7928098764314
173,EBAL,51494.74509251483,13866.388812326639,0.26927774450411307
174,EBAL,136093.09252523608,450167.85631648166,3.307793569559792
175,EBAL,8736.709635558598,277115.2550170464,31.718492038373498
176,EBAL,129059.63628071644,290850.42852668394,2.2536126469011415
177,EBAL,2853.9203563913366,67435.39067662087,23.62903734352633
178,EBAL,548681.5348726287,379863.5476106894,0.6923206331316967
179,EBAL,475377.8403546279,395337.627744055,0.83162822114118
180,EBAL,209070.23701739812,142860.4133641941,0.6833130119439513
